id,email,task,hour,minute,year,month,day

1614472190.711781,test@gmail.com,HW,12,12,2021,12,12

1614472190.711781,test1@gmail.com,HW,12,12,2021,12,12

1614473761.889979,test@gmail.com,hw1,12,13,2022,12,12

1614483669.941358,,hw1,1,1,2,1,1

1614484728.794279,test@gmail.com,hw,12,11,2021,12,12

1614484728.794279,test@gmail.com,hw1,12,14,2021,12,12

1614485642.784038,test@gmail.com,hw,1,1,2021,1,1

1614485709.477414,test@gmail.com,hw,12,15,2021,1,1

1614486028.408697,test@gmail.com,hw,1,1,2021,2,2

1614494684.457606,test@gmail.com,hw21,12,12,2022,2,2

1614495074.801943,test@gmail.com,hw21,1,1,2021,1,1
1614495104.176885,test@gmail.com,hw21,1,1,2021,1,1
1614495123.204445,test@gmail.com,hw21,1,1,2021,1,1
